-- Generado por scripts/generar-seed-sql.mts — no editar a mano.
-- Carga los 7 comercios de ejemplo del prototipo original.

INSERT INTO comercios (id, codigo_acceso, nombre, rubro, zona, plan, estado, contacto, google_review_url, busqueda_clave, fee, fecha_alta) VALUES ('barberia-guemes', 'bg7k2m4p', 'Barbería El Corte — Güemes', 'Peluquería / Barbería', 'Güemes', 'Premium', 'activo', '+54 351 555 1201', 'https://g.page/r/barberia-el-corte/review', 'barbería en Güemes', 120000, '2026-02-10') ON CONFLICT (id) DO NOTHING;
INSERT INTO metricas_mensuales (comercio_id, mes, resenas_nuevas, resenas_total, rating_promedio, visitas_perfil, llamadas, clics_como_llegar, citas_chatgpt, citas_copilot, citas_perplexity) VALUES ('barberia-guemes', '2026-02', 2, 12, 4.3, 320, 18, 40, 0, 0, 0) ON CONFLICT (comercio_id, mes) DO NOTHING;
INSERT INTO metricas_mensuales (comercio_id, mes, resenas_nuevas, resenas_total, rating_promedio, visitas_perfil, llamadas, clics_como_llegar, citas_chatgpt, citas_copilot, citas_perplexity) VALUES ('barberia-guemes', '2026-03', 9, 21, 4.4, 480, 29, 67, 1, 0, 0) ON CONFLICT (comercio_id, mes) DO NOTHING;
INSERT INTO metricas_mensuales (comercio_id, mes, resenas_nuevas, resenas_total, rating_promedio, visitas_perfil, llamadas, clics_como_llegar, citas_chatgpt, citas_copilot, citas_perplexity) VALUES ('barberia-guemes', '2026-04', 14, 35, 4.6, 590, 35, 81, 3, 2, 1) ON CONFLICT (comercio_id, mes) DO NOTHING;
INSERT INTO metricas_mensuales (comercio_id, mes, resenas_nuevas, resenas_total, rating_promedio, visitas_perfil, llamadas, clics_como_llegar, citas_chatgpt, citas_copilot, citas_perplexity) VALUES ('barberia-guemes', '2026-05', 18, 53, 4.7, 780, 48, 114, 6, 4, 2) ON CONFLICT (comercio_id, mes) DO NOTHING;
INSERT INTO metricas_mensuales (comercio_id, mes, resenas_nuevas, resenas_total, rating_promedio, visitas_perfil, llamadas, clics_como_llegar, citas_chatgpt, citas_copilot, citas_perplexity) VALUES ('barberia-guemes', '2026-06', 22, 75, 4.8, 940, 59, 140, 9, 7, 4) ON CONFLICT (comercio_id, mes) DO NOTHING;
INSERT INTO ventas_nfc (comercio_id, formato, cantidad, precio_unitario, fecha) VALUES ('barberia-guemes', 'Pack completo', 1, 38000, '2026-02-10');
INSERT INTO ventas_nfc (comercio_id, formato, cantidad, precio_unitario, fecha) VALUES ('barberia-guemes', 'Sticker', 4, 9000, '2026-04-02');
INSERT INTO links_nfc (id, comercio_id, etiqueta, destino) VALUES ('barberia-guemes-mostrador', 'barberia-guemes', 'Mostrador', 'resena') ON CONFLICT (id) DO NOTHING;

INSERT INTO comercios (id, codigo_acceso, nombre, rubro, zona, plan, estado, contacto, google_review_url, busqueda_clave, fee, fecha_alta) VALUES ('resto-nueva-cordoba', 'rn9x3c5v', 'La Parrilla de Nueva Córdoba', 'Restaurante / Bar', 'Nueva Córdoba', 'Premium', 'activo', '+54 351 555 3320', 'https://g.page/r/la-parrilla-nc/review', 'parrilla en Nueva Córdoba', 135000, '2026-02-22') ON CONFLICT (id) DO NOTHING;
INSERT INTO metricas_mensuales (comercio_id, mes, resenas_nuevas, resenas_total, rating_promedio, visitas_perfil, llamadas, clics_como_llegar, citas_chatgpt, citas_copilot, citas_perplexity) VALUES ('resto-nueva-cordoba', '2026-02', 4, 28, 4.2, 600, 30, 90, 0, 0, 0) ON CONFLICT (comercio_id, mes) DO NOTHING;
INSERT INTO metricas_mensuales (comercio_id, mes, resenas_nuevas, resenas_total, rating_promedio, visitas_perfil, llamadas, clics_como_llegar, citas_chatgpt, citas_copilot, citas_perplexity) VALUES ('resto-nueva-cordoba', '2026-03', 12, 40, 4.3, 900, 47, 145, 2, 1, 0) ON CONFLICT (comercio_id, mes) DO NOTHING;
INSERT INTO metricas_mensuales (comercio_id, mes, resenas_nuevas, resenas_total, rating_promedio, visitas_perfil, llamadas, clics_como_llegar, citas_chatgpt, citas_copilot, citas_perplexity) VALUES ('resto-nueva-cordoba', '2026-04', 19, 59, 4.4, 1100, 56, 174, 5, 3, 2) ON CONFLICT (comercio_id, mes) DO NOTHING;
INSERT INTO metricas_mensuales (comercio_id, mes, resenas_nuevas, resenas_total, rating_promedio, visitas_perfil, llamadas, clics_como_llegar, citas_chatgpt, citas_copilot, citas_perplexity) VALUES ('resto-nueva-cordoba', '2026-05', 25, 84, 4.5, 1460, 78, 241, 9, 6, 4) ON CONFLICT (comercio_id, mes) DO NOTHING;
INSERT INTO metricas_mensuales (comercio_id, mes, resenas_nuevas, resenas_total, rating_promedio, visitas_perfil, llamadas, clics_como_llegar, citas_chatgpt, citas_copilot, citas_perplexity) VALUES ('resto-nueva-cordoba', '2026-06', 31, 115, 4.6, 1760, 95, 294, 14, 10, 6) ON CONFLICT (comercio_id, mes) DO NOTHING;
INSERT INTO ventas_nfc (comercio_id, formato, cantidad, precio_unitario, fecha) VALUES ('resto-nueva-cordoba', 'Tarjeta PVC', 6, 13000, '2026-02-22');
INSERT INTO ventas_nfc (comercio_id, formato, cantidad, precio_unitario, fecha) VALUES ('resto-nueva-cordoba', 'Standee', 2, 22000, '2026-03-15');
INSERT INTO links_nfc (id, comercio_id, etiqueta, destino) VALUES ('resto-nueva-cordoba-mostrador', 'resto-nueva-cordoba', 'Mostrador', 'resena') ON CONFLICT (id) DO NOTHING;

INSERT INTO comercios (id, codigo_acceso, nombre, rubro, zona, plan, estado, contacto, google_review_url, busqueda_clave, fee, fecha_alta) VALUES ('clinica-general-paz', 'cg2h8j6l', 'Consultorio Odontológico General Paz', 'Clínica / Consultorio', 'General Paz', 'Base', 'activo', '+54 351 555 7788', 'https://g.page/r/odonto-gp/review', 'dentista en General Paz', 55000, '2026-03-05') ON CONFLICT (id) DO NOTHING;
INSERT INTO metricas_mensuales (comercio_id, mes, resenas_nuevas, resenas_total, rating_promedio, visitas_perfil, llamadas, clics_como_llegar, citas_chatgpt, citas_copilot, citas_perplexity) VALUES ('clinica-general-paz', '2026-03', 3, 9, 4.6, 180, 22, 20, NULL, NULL, NULL) ON CONFLICT (comercio_id, mes) DO NOTHING;
INSERT INTO metricas_mensuales (comercio_id, mes, resenas_nuevas, resenas_total, rating_promedio, visitas_perfil, llamadas, clics_como_llegar, citas_chatgpt, citas_copilot, citas_perplexity) VALUES ('clinica-general-paz', '2026-04', 6, 15, 4.7, 260, 34, 31, NULL, NULL, NULL) ON CONFLICT (comercio_id, mes) DO NOTHING;
INSERT INTO metricas_mensuales (comercio_id, mes, resenas_nuevas, resenas_total, rating_promedio, visitas_perfil, llamadas, clics_como_llegar, citas_chatgpt, citas_copilot, citas_perplexity) VALUES ('clinica-general-paz', '2026-05', 8, 23, 4.8, 340, 45, 41, NULL, NULL, NULL) ON CONFLICT (comercio_id, mes) DO NOTHING;
INSERT INTO metricas_mensuales (comercio_id, mes, resenas_nuevas, resenas_total, rating_promedio, visitas_perfil, llamadas, clics_como_llegar, citas_chatgpt, citas_copilot, citas_perplexity) VALUES ('clinica-general-paz', '2026-06', 11, 34, 4.8, 420, 56, 52, NULL, NULL, NULL) ON CONFLICT (comercio_id, mes) DO NOTHING;
INSERT INTO ventas_nfc (comercio_id, formato, cantidad, precio_unitario, fecha) VALUES ('clinica-general-paz', 'Standee', 1, 23000, '2026-03-05');
INSERT INTO links_nfc (id, comercio_id, etiqueta, destino) VALUES ('clinica-general-paz-mostrador', 'clinica-general-paz', 'Mostrador', 'resena') ON CONFLICT (id) DO NOTHING;

INSERT INTO comercios (id, codigo_acceso, nombre, rubro, zona, plan, estado, contacto, google_review_url, busqueda_clave, fee, fecha_alta) VALUES ('taller-alberdi', 'ta5q1w9e', 'Taller Mecánico Alberdi Motors', 'Taller mecánico', 'Alberdi', 'Base', 'activo', '+54 351 555 4410', 'https://g.page/r/alberdi-motors/review', 'taller mecánico en Alberdi', 50000, '2026-03-18') ON CONFLICT (id) DO NOTHING;
INSERT INTO metricas_mensuales (comercio_id, mes, resenas_nuevas, resenas_total, rating_promedio, visitas_perfil, llamadas, clics_como_llegar, citas_chatgpt, citas_copilot, citas_perplexity) VALUES ('taller-alberdi', '2026-03', 2, 6, 4.1, 120, 14, 16, NULL, NULL, NULL) ON CONFLICT (comercio_id, mes) DO NOTHING;
INSERT INTO metricas_mensuales (comercio_id, mes, resenas_nuevas, resenas_total, rating_promedio, visitas_perfil, llamadas, clics_como_llegar, citas_chatgpt, citas_copilot, citas_perplexity) VALUES ('taller-alberdi', '2026-04', 5, 11, 4.3, 176, 22, 24, NULL, NULL, NULL) ON CONFLICT (comercio_id, mes) DO NOTHING;
INSERT INTO metricas_mensuales (comercio_id, mes, resenas_nuevas, resenas_total, rating_promedio, visitas_perfil, llamadas, clics_como_llegar, citas_chatgpt, citas_copilot, citas_perplexity) VALUES ('taller-alberdi', '2026-05', 7, 18, 4.4, 228, 30, 32, NULL, NULL, NULL) ON CONFLICT (comercio_id, mes) DO NOTHING;
INSERT INTO metricas_mensuales (comercio_id, mes, resenas_nuevas, resenas_total, rating_promedio, visitas_perfil, llamadas, clics_como_llegar, citas_chatgpt, citas_copilot, citas_perplexity) VALUES ('taller-alberdi', '2026-06', 9, 27, 4.5, 282, 38, 41, NULL, NULL, NULL) ON CONFLICT (comercio_id, mes) DO NOTHING;
INSERT INTO ventas_nfc (comercio_id, formato, cantidad, precio_unitario, fecha) VALUES ('taller-alberdi', 'Tarjeta PVC', 2, 12000, '2026-03-18');
INSERT INTO links_nfc (id, comercio_id, etiqueta, destino) VALUES ('taller-alberdi-mostrador', 'taller-alberdi', 'Mostrador', 'resena') ON CONFLICT (id) DO NOTHING;

INSERT INTO comercios (id, codigo_acceso, nombre, rubro, zona, plan, estado, contacto, google_review_url, busqueda_clave, fee, fecha_alta) VALUES ('vet-cerro', 'vc4r7t2y', 'Veterinaria Cerro de las Rosas', 'Veterinaria', 'Cerro de las Rosas', 'Base', 'activo', '+54 351 555 9922', 'https://g.page/r/vet-cerro/review', 'veterinaria en Cerro de las Rosas', 60000, '2026-04-08') ON CONFLICT (id) DO NOTHING;
INSERT INTO metricas_mensuales (comercio_id, mes, resenas_nuevas, resenas_total, rating_promedio, visitas_perfil, llamadas, clics_como_llegar, citas_chatgpt, citas_copilot, citas_perplexity) VALUES ('vet-cerro', '2026-04', 4, 10, 4.5, 150, 19, 22, NULL, NULL, NULL) ON CONFLICT (comercio_id, mes) DO NOTHING;
INSERT INTO metricas_mensuales (comercio_id, mes, resenas_nuevas, resenas_total, rating_promedio, visitas_perfil, llamadas, clics_como_llegar, citas_chatgpt, citas_copilot, citas_perplexity) VALUES ('vet-cerro', '2026-05', 7, 17, 4.6, 217, 29, 33, NULL, NULL, NULL) ON CONFLICT (comercio_id, mes) DO NOTHING;
INSERT INTO metricas_mensuales (comercio_id, mes, resenas_nuevas, resenas_total, rating_promedio, visitas_perfil, llamadas, clics_como_llegar, citas_chatgpt, citas_copilot, citas_perplexity) VALUES ('vet-cerro', '2026-06', 10, 27, 4.7, 280, 38, 44, NULL, NULL, NULL) ON CONFLICT (comercio_id, mes) DO NOTHING;
INSERT INTO ventas_nfc (comercio_id, formato, cantidad, precio_unitario, fecha) VALUES ('vet-cerro', 'Sticker', 3, 9000, '2026-04-08');
INSERT INTO links_nfc (id, comercio_id, etiqueta, destino) VALUES ('vet-cerro-mostrador', 'vet-cerro', 'Mostrador', 'resena') ON CONFLICT (id) DO NOTHING;

INSERT INTO comercios (id, codigo_acceso, nombre, rubro, zona, plan, estado, contacto, google_review_url, busqueda_clave, fee, fecha_alta) VALUES ('gym-guemes', 'gg8u3i6o', 'Gimnasio Fuerza Güemes', 'Gimnasio', 'Güemes', 'Premium', 'activo', '+54 351 555 6655', 'https://g.page/r/fuerza-guemes/review', 'gimnasio en Güemes', 110000, '2026-04-20') ON CONFLICT (id) DO NOTHING;
INSERT INTO metricas_mensuales (comercio_id, mes, resenas_nuevas, resenas_total, rating_promedio, visitas_perfil, llamadas, clics_como_llegar, citas_chatgpt, citas_copilot, citas_perplexity) VALUES ('gym-guemes', '2026-04', 5, 14, 4.4, 280, 24, 34, 1, 0, 0) ON CONFLICT (comercio_id, mes) DO NOTHING;
INSERT INTO metricas_mensuales (comercio_id, mes, resenas_nuevas, resenas_total, rating_promedio, visitas_perfil, llamadas, clics_como_llegar, citas_chatgpt, citas_copilot, citas_perplexity) VALUES ('gym-guemes', '2026-05', 11, 25, 4.5, 430, 38, 53, 4, 2, 1) ON CONFLICT (comercio_id, mes) DO NOTHING;
INSERT INTO metricas_mensuales (comercio_id, mes, resenas_nuevas, resenas_total, rating_promedio, visitas_perfil, llamadas, clics_como_llegar, citas_chatgpt, citas_copilot, citas_perplexity) VALUES ('gym-guemes', '2026-06', 16, 41, 4.6, 570, 51, 71, 7, 5, 3) ON CONFLICT (comercio_id, mes) DO NOTHING;
INSERT INTO ventas_nfc (comercio_id, formato, cantidad, precio_unitario, fecha) VALUES ('gym-guemes', 'Pack completo', 1, 37000, '2026-04-20');
INSERT INTO links_nfc (id, comercio_id, etiqueta, destino) VALUES ('gym-guemes-mostrador', 'gym-guemes', 'Mostrador', 'resena') ON CONFLICT (id) DO NOTHING;

INSERT INTO comercios (id, codigo_acceso, nombre, rubro, zona, plan, estado, contacto, google_review_url, busqueda_clave, fee, fecha_alta) VALUES ('estetica-nc', 'en1a5s9d', 'Estética Piel & Color', 'Estética', 'Nueva Córdoba', 'Base', 'prospecto', '+54 351 555 2244', 'https://g.page/r/piel-color/review', 'centro de estética en Nueva Córdoba', 55000, '2026-06-12') ON CONFLICT (id) DO NOTHING;
INSERT INTO metricas_mensuales (comercio_id, mes, resenas_nuevas, resenas_total, rating_promedio, visitas_perfil, llamadas, clics_como_llegar, citas_chatgpt, citas_copilot, citas_perplexity) VALUES ('estetica-nc', '2026-06', 0, 8, 4.2, 95, 9, 12, NULL, NULL, NULL) ON CONFLICT (comercio_id, mes) DO NOTHING;
INSERT INTO ventas_nfc (comercio_id, formato, cantidad, precio_unitario, fecha) VALUES ('estetica-nc', 'Sticker', 2, 9000, '2026-06-12');
INSERT INTO links_nfc (id, comercio_id, etiqueta, destino) VALUES ('estetica-nc-mostrador', 'estetica-nc', 'Mostrador', 'resena') ON CONFLICT (id) DO NOTHING;

